"Trends","Search volume","Started","Ended","Trend breakdown","Explore link"
"south africa vs australia","500K+","September 24, 2026 at 12:30:00 PM UTC+5:30",,"south africa vs australia,sa vs aus,aus vs sa,matthew breetzke,marco jansen,temba bavuma,mitchell starc,mitchell marsh,bjorn fortuin,cameron green,josh hazlewood,cooper connolly","./explore?q=south%20africa%20vs%20australia&geo=IN"
"afghanistan vs japan","500K+","September 24, 2026 at 4:40:00 AM UTC+5:30",,"afghanistan vs japan,darwish rasooli,afg vs japan","./explore?q=afghanistan%20vs%20japan&geo=IN"
"weather tomorrow","500K+","September 24, 2026 at 9:00:00 PM UTC+5:30","September 24, 2026 at 10:30:00 PM UTC+5:30","weather tomorrow","./explore?q=weather%20tomorrow&geo=IN"
"कल का मौसम","200K+","September 24, 2026 at 8:50:00 PM UTC+5:30","September 24, 2026 at 10:30:00 PM UTC+5:30","कल का मौसम,mausam,बारिश","./explore?q=%E0%A4%95%E0%A4%B2%20%E0%A4%95%E0%A4%BE%20%E0%A4%AE%E0%A5%8C%E0%A4%B8%E0%A4%AE&geo=IN"
"sri lanka vs england","200K+","September 24, 2026 at 5:10:00 PM UTC+5:30","September 24, 2026 at 9:40:00 PM UTC+5:30","sri lanka vs england","./explore?q=sri%20lanka%20vs%20england&geo=IN"
"kusal mendis","100K+","September 24, 2026 at 5:50:00 PM UTC+5:30",,"kusal mendis,kamindu mendis,tom banton,sri lanka national cricket team vs england cricket team match scorecard,श्रीलंका बनाम इंगलैंड,sl vs eng,rehan ahmed,pathum nissanka,eng vs sl","./explore?q=kusal%20mendis&geo=IN"
"nse share price","100K+","September 24, 2026 at 9:10:00 AM UTC+5:30",,"nse share price,nse stock,nse stock ipo,nse,nse listing,bse,nse stock gmp,nse ipo,nse listing price,nse share price today,nse share,nse stock price,nse share price today live,nse ipo price,nse ipo listing,nse price,nse ipo listing time,nse ipo listing price,bse share price","./explore?q=nse%20share%20price&geo=IN"
"neet pg result 2026","50K+","September 24, 2026 at 12:50:00 PM UTC+5:30",,"neet pg result 2026,nbems,neet pg,neet pg 2026,neet pg result,neet pg 2026 result,natboard edu in,nbems neet pg,neet pg results,neet pg 2026 results,nbe,neetpg results","./explore?q=neet%20pg%20result%202026&geo=IN"
"south africa national cricket team vs australia national cricket team match scorecard","50K+","September 24, 2026 at 1:10:00 PM UTC+5:30","September 24, 2026 at 10:30:00 PM UTC+5:30","south africa national cricket team vs australia national cricket team match scorecard","./explore?q=south%20africa%20national%20cricket%20team%20vs%20australia%20national%20cricket%20team%20match%20scorecard&geo=IN"
"lottery sambad","50K+","September 24, 2026 at 1:50:00 PM UTC+5:30","September 24, 2026 at 9:20:00 PM UTC+5:30","lottery sambad,dear lottery,nagaland state lottery,dear lottery sambad,lottery sambad today,lottery sangbad,lottery sambad lottery sambad,dear lottery result,lottery sambad result","./explore?q=lottery%20sambad&geo=IN"
"weather today","50K+","September 24, 2026 at 5:40:00 AM UTC+5:30","September 24, 2026 at 9:30:00 AM UTC+5:30","weather today,today weather,cyclone","./explore?q=weather%20today&geo=IN"
"२४ सितम्बर","20K+","September 24, 2026 at 8:50:00 AM UTC+5:30",,"२४ सितम्बर","./explore?q=%E0%A5%A8%E0%A5%AA%20%E0%A4%B8%E0%A4%BF%E0%A4%A4%E0%A4%AE%E0%A5%8D%E0%A4%AC%E0%A4%B0&geo=IN"
"west indies vs zimbabwe","20K+","September 24, 2026 at 12:50:00 PM UTC+5:30",,"west indies vs zimbabwe,hayley matthews,zimbabwe vs west indies","./explore?q=west%20indies%20vs%20zimbabwe&geo=IN"
"jack edwards","20K+","September 24, 2026 at 1:10:00 PM UTC+5:30",,"jack edwards","./explore?q=jack%20edwards&geo=IN"
"wasim akram","20K+","September 24, 2026 at 5:20:00 AM UTC+5:30","September 24, 2026 at 10:40:00 PM UTC+5:30","wasim akram","./explore?q=wasim%20akram&geo=IN"
"hong kong vs malaysia","20K+","September 24, 2026 at 10:10:00 AM UTC+5:30","September 24, 2026 at 5:00:00 PM UTC+5:30","hong kong vs malaysia","./explore?q=hong%20kong%20vs%20malaysia&geo=IN"
"arab gul","20K+","September 24, 2026 at 5:40:00 AM UTC+5:30","September 24, 2026 at 8:50:00 PM UTC+5:30","arab gul","./explore?q=arab%20gul&geo=IN"
"अफ़ग़ानिस्तान बनाम जापान","20K+","September 24, 2026 at 5:20:00 AM UTC+5:30","September 24, 2026 at 11:20:00 AM UTC+5:30","अफ़ग़ानिस्तान बनाम जापान,hassan eisakhil","./explore?q=%E0%A4%85%E0%A4%AB%E0%A4%BC%E0%A4%97%E0%A4%BC%E0%A4%BE%E0%A4%A8%E0%A4%BF%E0%A4%B8%E0%A5%8D%E0%A4%A4%E0%A4%BE%E0%A4%A8%20%E0%A4%AC%E0%A4%A8%E0%A4%BE%E0%A4%AE%20%E0%A4%9C%E0%A4%BE%E0%A4%AA%E0%A4%BE%E0%A4%A8&geo=IN"
"aaj ka mausam","20K+","September 24, 2026 at 5:50:00 AM UTC+5:30","September 24, 2026 at 6:20:00 PM UTC+5:30","aaj ka mausam,weather patna","./explore?q=aaj%20ka%20mausam&geo=IN"
"ఆంధ్ర ప్రదేశ్","20K+","September 24, 2026 at 8:30:00 AM UTC+5:30","September 24, 2026 at 5:00:00 PM UTC+5:30","ఆంధ్ర ప్రదేశ్,వాతావరణం","./explore?q=%E0%B0%86%E0%B0%82%E0%B0%A7%E0%B1%8D%E0%B0%B0%20%E0%B0%AA%E0%B1%8D%E0%B0%B0%E0%B0%A6%E0%B1%87%E0%B0%B6%E0%B1%8D&geo=IN"
"vr glasses","10K+","September 24, 2026 at 11:00:00 AM UTC+5:30",,"vr glasses","./explore?q=vr%20glasses&geo=IN"
"দীঘা","10K+","September 24, 2026 at 9:10:00 PM UTC+5:30",,"দীঘা,আগামীকালের আবহাওয়া,ভারী বৃষ্টি","./explore?q=%E0%A6%A6%E0%A7%80%E0%A6%98%E0%A6%BE&geo=IN"
"south korea vs ecuador","10K+","September 24, 2026 at 3:40:00 PM UTC+5:30","September 24, 2026 at 9:00:00 PM UTC+5:30","south korea vs ecuador","./explore?q=south%20korea%20vs%20ecuador&geo=IN"
"david miller","10K+","September 24, 2026 at 1:30:00 PM UTC+5:30","September 24, 2026 at 7:50:00 PM UTC+5:30","david miller","./explore?q=david%20miller&geo=IN"
"morgan stanley","10K+","September 24, 2026 at 4:50:00 AM UTC+5:30","September 24, 2026 at 3:30:00 PM UTC+5:30","morgan stanley","./explore?q=morgan%20stanley&geo=IN"
"pb fintech share","10K+","September 24, 2026 at 2:30:00 PM UTC+5:30","September 24, 2026 at 7:30:00 PM UTC+5:30","pb fintech share,pb fintech,irdai,pb fintech share price","./explore?q=pb%20fintech%20share&geo=IN"
"paradise movie rating","10K+","September 24, 2026 at 6:40:00 AM UTC+5:30","September 24, 2026 at 4:40:00 PM UTC+5:30","paradise movie rating,paradise movie,the paradise review,paradise nani","./explore?q=paradise%20movie%20rating&geo=IN"
"mushtaq khan","5K+","September 24, 2026 at 8:10:00 PM UTC+5:30",,"mushtaq khan,mustak khan,mustaq khan","./explore?q=mushtaq%20khan&geo=IN"
"न्यूज़ीलैंड क्रिकेट टीम","5K+","September 24, 2026 at 6:00:00 PM UTC+5:30",,"न्यूज़ीलैंड क्रिकेट टीम","./explore?q=%E0%A4%A8%E0%A5%8D%E0%A4%AF%E0%A5%82%E0%A4%9C%E0%A4%BC%E0%A5%80%E0%A4%B2%E0%A5%88%E0%A4%82%E0%A4%A1%20%E0%A4%95%E0%A5%8D%E0%A4%B0%E0%A4%BF%E0%A4%95%E0%A5%87%E0%A4%9F%20%E0%A4%9F%E0%A5%80%E0%A4%AE&geo=IN"
"सुखबीर सिंह संधू","5K+","September 24, 2026 at 4:30:00 PM UTC+5:30",,"सुखबीर सिंह संधू","./explore?q=%E0%A4%B8%E0%A5%81%E0%A4%96%E0%A4%AC%E0%A5%80%E0%A4%B0%20%E0%A4%B8%E0%A4%BF%E0%A4%82%E0%A4%B9%20%E0%A4%B8%E0%A4%82%E0%A4%A7%E0%A5%82&geo=IN"
"निवेशक","5K+","September 24, 2026 at 4:20:00 PM UTC+5:30",,"निवेशक","./explore?q=%E0%A4%A8%E0%A4%BF%E0%A4%B5%E0%A5%87%E0%A4%B6%E0%A4%95&geo=IN"
"keshav maharaj","5K+","September 24, 2026 at 1:50:00 PM UTC+5:30",,"keshav maharaj","./explore?q=keshav%20maharaj&geo=IN"
"పిడుగు","5K+","September 24, 2026 at 3:20:00 PM UTC+5:30","September 24, 2026 at 9:50:00 PM UTC+5:30","పిడుగు","./explore?q=%E0%B0%AA%E0%B0%BF%E0%B0%A1%E0%B1%81%E0%B0%97%E0%B1%81&geo=IN"
"nathan ellis","5K+","September 24, 2026 at 2:30:00 PM UTC+5:30","September 24, 2026 at 10:20:00 PM UTC+5:30","nathan ellis","./explore?q=nathan%20ellis&geo=IN"
"डीज़ल","5K+","September 24, 2026 at 4:40:00 PM UTC+5:30","September 24, 2026 at 9:40:00 PM UTC+5:30","डीज़ल","./explore?q=%E0%A4%A1%E0%A5%80%E0%A4%9C%E0%A4%BC%E0%A4%B2&geo=IN"
"japan vs uruguay","5K+","September 24, 2026 at 5:30:00 PM UTC+5:30","September 24, 2026 at 7:40:00 PM UTC+5:30","japan vs uruguay,uruguay national football team","./explore?q=japan%20vs%20uruguay&geo=IN"
"ಅಮಿತ್ ಶಾ","5K+","September 24, 2026 at 9:40:00 AM UTC+5:30","September 24, 2026 at 5:20:00 PM UTC+5:30","ಅಮಿತ್ ಶಾ","./explore?q=%E0%B2%85%E0%B2%AE%E0%B2%BF%E0%B2%A4%E0%B3%8D%20%E0%B2%B6%E0%B2%BE&geo=IN"
"दक्षिण अफ्रीका बनाम ऑस्ट्रेलिया","5K+","September 24, 2026 at 1:20:00 PM UTC+5:30","September 24, 2026 at 5:40:00 PM UTC+5:30","दक्षिण अफ्रीका बनाम ऑस्ट्रेलिया","./explore?q=%E0%A4%A6%E0%A4%95%E0%A5%8D%E0%A4%B7%E0%A4%BF%E0%A4%A3%20%E0%A4%85%E0%A4%AB%E0%A5%8D%E0%A4%B0%E0%A5%80%E0%A4%95%E0%A4%BE%20%E0%A4%AC%E0%A4%A8%E0%A4%BE%E0%A4%AE%20%E0%A4%91%E0%A4%B8%E0%A5%8D%E0%A4%9F%E0%A5%8D%E0%A4%B0%E0%A5%87%E0%A4%B2%E0%A4%BF%E0%A4%AF%E0%A4%BE&geo=IN"
"वेतन","5K+","September 24, 2026 at 12:50:00 PM UTC+5:30","September 24, 2026 at 4:50:00 PM UTC+5:30","वेतन","./explore?q=%E0%A4%B5%E0%A5%87%E0%A4%A4%E0%A4%A8&geo=IN"
"saudi arabia vs kuwait","5K+","September 23, 2026 at 11:10:00 PM UTC+5:30","September 24, 2026 at 8:00:00 AM UTC+5:30","saudi arabia vs kuwait","./explore?q=saudi%20arabia%20vs%20kuwait&geo=IN"
"fc barcelona femení vs paris fc (women) standings","5K+","September 24, 2026 at 3:00:00 AM UTC+5:30","September 24, 2026 at 9:30:00 AM UTC+5:30","fc barcelona femení vs paris fc (women) standings,barcelona vs paris fc","./explore?q=fc%20barcelona%20femen%C3%AD%20vs%20paris%20fc%20%28women%29%20standings&geo=IN"
"benjamin ito-davis","5K+","September 24, 2026 at 6:50:00 AM UTC+5:30","September 24, 2026 at 9:00:00 AM UTC+5:30","benjamin ito-davis,kendel kadowaki-fleming","./explore?q=benjamin%20ito-davis&geo=IN"
"dr congo vs equatorial guinea","2K+","September 24, 2026 at 9:10:00 PM UTC+5:30",,"dr congo vs equatorial guinea","./explore?q=dr%20congo%20vs%20equatorial%20guinea&geo=IN"
"ತೇಜಸ್ವಿ ಸೂರ್ಯ","2K+","September 24, 2026 at 8:10:00 PM UTC+5:30",,"ತೇಜಸ್ವಿ ಸೂರ್ಯ","./explore?q=%E0%B2%A4%E0%B3%87%E0%B2%9C%E0%B2%B8%E0%B3%8D%E0%B2%B5%E0%B2%BF%20%E0%B2%B8%E0%B3%82%E0%B2%B0%E0%B3%8D%E0%B2%AF&geo=IN"
"cec gyanesh kumar","2K+","September 24, 2026 at 7:20:00 PM UTC+5:30",,"cec gyanesh kumar,manoj tiwari","./explore?q=cec%20gyanesh%20kumar&geo=IN"
"പാമ്പ്","2K+","September 24, 2026 at 6:30:00 PM UTC+5:30",,"പാമ്പ്","./explore?q=%E0%B4%AA%E0%B4%BE%E0%B4%AE%E0%B5%8D%E0%B4%AA%E0%B5%8D&geo=IN"
"சம்பளம்","2K+","September 24, 2026 at 1:30:00 PM UTC+5:30",,"சம்பளம்","./explore?q=%E0%AE%9A%E0%AE%AE%E0%AF%8D%E0%AE%AA%E0%AE%B3%E0%AE%AE%E0%AF%8D&geo=IN"
"उच्चतम न्यायालय","2K+","September 24, 2026 at 8:10:00 PM UTC+5:30","September 24, 2026 at 10:30:00 PM UTC+5:30","उच्चतम न्यायालय","./explore?q=%E0%A4%89%E0%A4%9A%E0%A5%8D%E0%A4%9A%E0%A4%A4%E0%A4%AE%20%E0%A4%A8%E0%A5%8D%E0%A4%AF%E0%A4%BE%E0%A4%AF%E0%A4%BE%E0%A4%B2%E0%A4%AF&geo=IN"
"बैंक","2K+","September 24, 2026 at 6:40:00 PM UTC+5:30","September 24, 2026 at 10:20:00 PM UTC+5:30","बैंक","./explore?q=%E0%A4%AC%E0%A5%88%E0%A4%82%E0%A4%95&geo=IN"
"adam zampa","2K+","September 24, 2026 at 3:20:00 PM UTC+5:30","September 24, 2026 at 10:10:00 PM UTC+5:30","adam zampa","./explore?q=adam%20zampa&geo=IN"
"फ़सल","2K+","September 24, 2026 at 6:40:00 PM UTC+5:30","September 24, 2026 at 9:30:00 PM UTC+5:30","फ़सल,सोयाबीन","./explore?q=%E0%A4%AB%E0%A4%BC%E0%A4%B8%E0%A4%B2&geo=IN"
"namibia vs congo","2K+","September 24, 2026 at 6:30:00 PM UTC+5:30","September 24, 2026 at 9:20:00 PM UTC+5:30","namibia vs congo","./explore?q=namibia%20vs%20congo&geo=IN"
"அரசியல்","2K+","September 24, 2026 at 3:20:00 PM UTC+5:30","September 24, 2026 at 10:40:00 PM UTC+5:30","அரசியல்","./explore?q=%E0%AE%85%E0%AE%B0%E0%AE%9A%E0%AE%BF%E0%AE%AF%E0%AE%B2%E0%AF%8D&geo=IN"
"जीवन बीमा","2K+","September 24, 2026 at 3:40:00 PM UTC+5:30","September 24, 2026 at 6:40:00 PM UTC+5:30","जीवन बीमा","./explore?q=%E0%A4%9C%E0%A5%80%E0%A4%B5%E0%A4%A8%20%E0%A4%AC%E0%A5%80%E0%A4%AE%E0%A4%BE&geo=IN"
"कॉकरोच जनता पार्टी","2K+","September 24, 2026 at 3:50:00 PM UTC+5:30","September 24, 2026 at 5:20:00 PM UTC+5:30","कॉकरोच जनता पार्टी","./explore?q=%E0%A4%95%E0%A5%89%E0%A4%95%E0%A4%B0%E0%A5%8B%E0%A4%9A%20%E0%A4%9C%E0%A4%A8%E0%A4%A4%E0%A4%BE%20%E0%A4%AA%E0%A4%BE%E0%A4%B0%E0%A5%8D%E0%A4%9F%E0%A5%80&geo=IN"
"hk vs mas","2K+","September 24, 2026 at 9:50:00 AM UTC+5:30","September 24, 2026 at 12:10:00 PM UTC+5:30","hk vs mas,pavandeep singh","./explore?q=hk%20vs%20mas&geo=IN"
"bse sensex","2K+","September 24, 2026 at 4:40:00 PM UTC+5:30","September 24, 2026 at 5:50:00 PM UTC+5:30","bse sensex,why market is down today","./explore?q=bse%20sensex&geo=IN"
"asian games cricket","2K+","September 24, 2026 at 10:30:00 AM UTC+5:30","September 24, 2026 at 12:20:00 PM UTC+5:30","asian games cricket","./explore?q=asian%20games%20cricket&geo=IN"
"love hypothesis","2K+","September 24, 2026 at 12:00:00 AM UTC+5:30","September 24, 2026 at 3:50:00 AM UTC+5:30","love hypothesis,love hypothesis movie","./explore?q=love%20hypothesis&geo=IN"
"taiwan index","2K+","September 24, 2026 at 11:20:00 AM UTC+5:30","September 24, 2026 at 12:00:00 PM UTC+5:30","taiwan index","./explore?q=taiwan%20index&geo=IN"
"hang seng index","2K+","September 24, 2026 at 2:10:00 PM UTC+5:30","September 24, 2026 at 2:40:00 PM UTC+5:30","hang seng index","./explore?q=hang%20seng%20index&geo=IN"
"ben duckett","1K+","September 24, 2026 at 9:40:00 PM UTC+5:30",,"ben duckett","./explore?q=ben%20duckett&geo=IN"
"स्कूटर","1K+","September 24, 2026 at 6:20:00 PM UTC+5:30",,"स्कूटर","./explore?q=%E0%A4%B8%E0%A5%8D%E0%A4%95%E0%A5%82%E0%A4%9F%E0%A4%B0&geo=IN"
"dow jones","1K+","September 24, 2026 at 9:00:00 PM UTC+5:30",,"dow jones,dow jones live","./explore?q=dow%20jones&geo=IN"
"ദിലീപ്","1K+","September 24, 2026 at 8:40:00 PM UTC+5:30","September 24, 2026 at 10:30:00 PM UTC+5:30","ദിലീപ്","./explore?q=%E0%B4%A6%E0%B4%BF%E0%B4%B2%E0%B5%80%E0%B4%AA%E0%B5%8D&geo=IN"
"இரா. முத்தரசன்","1K+","September 24, 2026 at 8:40:00 PM UTC+5:30","September 24, 2026 at 9:50:00 PM UTC+5:30","இரா. முத்தரசன்","./explore?q=%E0%AE%87%E0%AE%B0%E0%AE%BE.%20%E0%AE%AE%E0%AF%81%E0%AE%A4%E0%AF%8D%E0%AE%A4%E0%AE%B0%E0%AE%9A%E0%AE%A9%E0%AF%8D&geo=IN"
"ದರ್ಶನ್ ತೂಗುದೀಪ","1K+","September 24, 2026 at 8:10:00 PM UTC+5:30","September 24, 2026 at 9:30:00 PM UTC+5:30","ದರ್ಶನ್ ತೂಗುದೀಪ","./explore?q=%E0%B2%A6%E0%B2%B0%E0%B3%8D%E0%B2%B6%E0%B2%A8%E0%B3%8D%20%E0%B2%A4%E0%B3%82%E0%B2%97%E0%B3%81%E0%B2%A6%E0%B3%80%E0%B2%AA&geo=IN"
"बच्चू कडू","1K+","September 24, 2026 at 5:40:00 PM UTC+5:30","September 24, 2026 at 7:10:00 PM UTC+5:30","बच्चू कडू","./explore?q=%E0%A4%AC%E0%A4%9A%E0%A5%8D%E0%A4%9A%E0%A5%82%20%E0%A4%95%E0%A4%A1%E0%A5%82&geo=IN"
"new ott releases","1K+","September 24, 2026 at 1:30:00 AM UTC+5:30","September 24, 2026 at 6:30:00 AM UTC+5:30","new ott releases","./explore?q=new%20ott%20releases&geo=IN"
"weather jammu","1K+","September 24, 2026 at 8:10:00 AM UTC+5:30","September 24, 2026 at 10:20:00 AM UTC+5:30","weather jammu","./explore?q=weather%20jammu&geo=IN"
"सोनम वांगचुक","1K+","September 24, 2026 at 2:00:00 PM UTC+5:30","September 24, 2026 at 3:10:00 PM UTC+5:30","सोनम वांगचुक","./explore?q=%E0%A4%B8%E0%A5%8B%E0%A4%A8%E0%A4%AE%20%E0%A4%B5%E0%A4%BE%E0%A4%82%E0%A4%97%E0%A4%9A%E0%A5%81%E0%A4%95&geo=IN"
"सोने","1K+","September 24, 2026 at 5:30:00 AM UTC+5:30","September 24, 2026 at 8:10:00 AM UTC+5:30","सोने","./explore?q=%E0%A4%B8%E0%A5%8B%E0%A4%A8%E0%A5%87&geo=IN"
"varmora granito ipo gmp","1K+","September 24, 2026 at 11:30:00 AM UTC+5:30","September 24, 2026 at 12:30:00 PM UTC+5:30","varmora granito ipo gmp","./explore?q=varmora%20granito%20ipo%20gmp&geo=IN"
"mirabai chanu","1K+","September 24, 2026 at 3:50:00 AM UTC+5:30","September 24, 2026 at 2:30:00 PM UTC+5:30","mirabai chanu","./explore?q=mirabai%20chanu&geo=IN"
"samsung galaxy s26","1K+","September 24, 2026 at 1:30:00 AM UTC+5:30","September 24, 2026 at 3:10:00 AM UTC+5:30","samsung galaxy s26","./explore?q=samsung%20galaxy%20s26&geo=IN"
"gus atkinson","500+","September 24, 2026 at 8:00:00 PM UTC+5:30","September 24, 2026 at 9:00:00 PM UTC+5:30","gus atkinson","./explore?q=gus%20atkinson&geo=IN"
"senegal vs mozambique","500+","September 24, 2026 at 6:50:00 PM UTC+5:30","September 24, 2026 at 8:00:00 PM UTC+5:30","senegal vs mozambique","./explore?q=senegal%20vs%20mozambique&geo=IN"
"చిరంజీవి","500+","September 24, 2026 at 8:00:00 PM UTC+5:30","September 24, 2026 at 8:30:00 PM UTC+5:30","చిరంజీవి","./explore?q=%E0%B0%9A%E0%B0%BF%E0%B0%B0%E0%B0%82%E0%B0%9C%E0%B1%80%E0%B0%B5%E0%B0%BF&geo=IN"
"josh inglis","500+","September 24, 2026 at 8:10:00 PM UTC+5:30","September 24, 2026 at 8:40:00 PM UTC+5:30","josh inglis","./explore?q=josh%20inglis&geo=IN"
"germany national football team","500+","September 24, 2026 at 5:50:00 PM UTC+5:30","September 24, 2026 at 6:50:00 PM UTC+5:30","germany national football team","./explore?q=germany%20national%20football%20team&geo=IN"
"ibps po prelims result","500+","September 24, 2026 at 5:50:00 PM UTC+5:30","September 24, 2026 at 6:30:00 PM UTC+5:30","ibps po prelims result","./explore?q=ibps%20po%20prelims%20result&geo=IN"
"ஜப்பான்","500+","September 24, 2026 at 4:40:00 PM UTC+5:30","September 24, 2026 at 5:30:00 PM UTC+5:30","ஜப்பான்","./explore?q=%E0%AE%9C%E0%AE%AA%E0%AF%8D%E0%AE%AA%E0%AE%BE%E0%AE%A9%E0%AF%8D&geo=IN"
"portugal national football team","500+","September 24, 2026 at 2:10:00 AM UTC+5:30","September 24, 2026 at 7:00:00 AM UTC+5:30","portugal national football team","./explore?q=portugal%20national%20football%20team&geo=IN"
"తెలంగాణ","500+","September 24, 2026 at 6:10:00 AM UTC+5:30","September 24, 2026 at 7:40:00 AM UTC+5:30","తెలంగాణ","./explore?q=%E0%B0%A4%E0%B1%86%E0%B0%B2%E0%B0%82%E0%B0%97%E0%B0%BE%E0%B0%A3&geo=IN"
"फास्टैग","500+","September 24, 2026 at 6:30:00 AM UTC+5:30","September 24, 2026 at 8:00:00 AM UTC+5:30","फास्टैग","./explore?q=%E0%A4%AB%E0%A4%BE%E0%A4%B8%E0%A5%8D%E0%A4%9F%E0%A5%88%E0%A4%97&geo=IN"
"benjamin šeško","500+","September 24, 2026 at 4:20:00 AM UTC+5:30","September 24, 2026 at 6:40:00 AM UTC+5:30","benjamin šeško","./explore?q=benjamin%20%C5%A1e%C5%A1ko&geo=IN"
"ಬಿಗ್ ಬಾಸ್ ಕನ್ನಡ","500+","September 24, 2026 at 3:50:00 PM UTC+5:30","September 24, 2026 at 4:10:00 PM UTC+5:30","ಬಿಗ್ ಬಾಸ್ ಕನ್ನಡ","./explore?q=%E0%B2%AC%E0%B2%BF%E0%B2%97%E0%B3%8D%20%E0%B2%AC%E0%B2%BE%E0%B2%B8%E0%B3%8D%20%E0%B2%95%E0%B2%A8%E0%B3%8D%E0%B2%A8%E0%B2%A1&geo=IN"
"कुमार कुशाग्र","500+","September 24, 2026 at 4:30:00 AM UTC+5:30","September 24, 2026 at 6:40:00 AM UTC+5:30","कुमार कुशाग्र","./explore?q=%E0%A4%95%E0%A5%81%E0%A4%AE%E0%A4%BE%E0%A4%B0%20%E0%A4%95%E0%A5%81%E0%A4%B6%E0%A4%BE%E0%A4%97%E0%A5%8D%E0%A4%B0&geo=IN"
"పింఛను","500+","September 24, 2026 at 5:20:00 AM UTC+5:30","September 24, 2026 at 6:20:00 AM UTC+5:30","పింఛను","./explore?q=%E0%B0%AA%E0%B0%BF%E0%B0%82%E0%B0%9B%E0%B0%A8%E0%B1%81&geo=IN"
"লটারি সংবাদ","200+","September 24, 2026 at 8:50:00 PM UTC+5:30","September 24, 2026 at 9:20:00 PM UTC+5:30","লটারি সংবাদ","./explore?q=%E0%A6%B2%E0%A6%9F%E0%A6%BE%E0%A6%B0%E0%A6%BF%20%E0%A6%B8%E0%A6%82%E0%A6%AC%E0%A6%BE%E0%A6%A6&geo=IN"
"lottery result","200+","September 24, 2026 at 9:00:00 PM UTC+5:30","September 24, 2026 at 9:20:00 PM UTC+5:30","lottery result","./explore?q=lottery%20result&geo=IN"
"asian games kabaddi","200+","September 24, 2026 at 6:50:00 AM UTC+5:30","September 24, 2026 at 7:40:00 AM UTC+5:30","asian games kabaddi","./explore?q=asian%20games%20kabaddi&geo=IN"
"afghanistan national cricket team","200+","September 24, 2026 at 5:40:00 AM UTC+5:30","September 24, 2026 at 6:40:00 AM UTC+5:30","afghanistan national cricket team","./explore?q=afghanistan%20national%20cricket%20team&geo=IN"
"avengers endgame encore","200+","September 24, 2026 at 1:40:00 AM UTC+5:30","September 24, 2026 at 2:00:00 AM UTC+5:30","avengers endgame encore","./explore?q=avengers%20endgame%20encore&geo=IN"